{"cameraMode":{"drawMode":0,"name":"Shaded","section":"Shading Mode"},"sceneLighting":false,"audioPlay":false,"sceneViewState":{"showFog":true,"showMaterialUpdate":false,"showSkybox":false,"showFlares":true,"showImageEffects":true,"showParticleSystems":true},"in2DMode":false,"pivot":{"x":-0.6231193542480469,"y":0.023717304691672326,"z":0.005675308406352997},"rotation":{"x":-0.11851862818002701,"y":0.013997486792504788,"z":-0.0016708886250853539,"w":-0.9928510785102844},"size":0.641968846321106,"orthographic":false}