{"cameraMode":{"drawMode":0,"name":"Shaded","section":"Shading Mode"},"sceneLighting":false,"audioPlay":false,"sceneViewState":{"showFog":true,"showMaterialUpdate":false,"showSkybox":false,"showFlares":true,"showImageEffects":true,"showParticleSystems":true},"in2DMode":false,"pivot":{"x":862.9219970703125,"y":728.7866821289063,"z":116.495361328125},"rotation":{"x":-0.11851862818002701,"y":0.013997486792504788,"z":-0.0016708886250853539,"w":-0.9928510785102844},"size":1712.8328857421875,"orthographic":false}