{"cameraMode":{"drawMode":0,"name":"Shaded","section":"Shading Mode"},"sceneLighting":false,"audioPlay":false,"sceneViewState":{"showFog":true,"showMaterialUpdate":false,"showSkybox":false,"showFlares":true,"showImageEffects":true,"showParticleSystems":true},"in2DMode":false,"pivot":{"x":1.0353012084960938,"y":21.082046508789064,"z":5.044715881347656},"rotation":{"x":-0.1976984590291977,"y":-0.5798219442367554,"z":0.14762663841247559,"w":-0.7764851450920105},"size":128.10903930664063,"orthographic":false}